{
  "config": {
    "games": 1000,
    "baseSeed": 14530000,
    "smoke": false,
    "maxRounds": 16,
    "victoryThreshold": 70,
    "policies": [
      "rusher",
      "trader",
      "turtler",
      "opportunist"
    ],
    "elapsedMs": 2212
  },
  "winRates": {
    "byFaction": {
      "byzantium": {
        "wins": 145,
        "games": 1000,
        "rate": 0.145
      },
      "ottomans": {
        "wins": 154,
        "games": 1000,
        "rate": 0.154
      },
      "venice": {
        "wins": 294,
        "games": 1000,
        "rate": 0.294
      },
      "genoa": {
        "wins": 193,
        "games": 1000,
        "rate": 0.193
      },
      "hungary": {
        "wins": 214,
        "games": 1000,
        "rate": 0.214
      }
    },
    "byPolicy": {
      "rusher": {
        "wins": 269,
        "games": 1250,
        "rate": 0.2152
      },
      "trader": {
        "wins": 454,
        "games": 1250,
        "rate": 0.3632
      },
      "turtler": {
        "wins": 145,
        "games": 1250,
        "rate": 0.116
      },
      "opportunist": {
        "wins": 132,
        "games": 1250,
        "rate": 0.1056
      }
    },
    "byFactionPolicy": {
      "byzantium": {
        "rusher": {
          "wins": 88,
          "games": 255,
          "rate": 0.34509803921568627
        },
        "trader": {
          "wins": 13,
          "games": 261,
          "rate": 0.04980842911877394
        },
        "turtler": {
          "wins": 1,
          "games": 243,
          "rate": 0.00411522633744856
        },
        "opportunist": {
          "wins": 43,
          "games": 241,
          "rate": 0.17842323651452283
        }
      },
      "ottomans": {
        "rusher": {
          "wins": 55,
          "games": 232,
          "rate": 0.23706896551724138
        },
        "trader": {
          "wins": 36,
          "games": 247,
          "rate": 0.145748987854251
        },
        "turtler": {
          "wins": 10,
          "games": 249,
          "rate": 0.040160642570281124
        },
        "opportunist": {
          "wins": 53,
          "games": 272,
          "rate": 0.1948529411764706
        }
      },
      "venice": {
        "rusher": {
          "wins": 45,
          "games": 253,
          "rate": 0.17786561264822134
        },
        "trader": {
          "wins": 149,
          "games": 229,
          "rate": 0.6506550218340611
        },
        "turtler": {
          "wins": 97,
          "games": 270,
          "rate": 0.3592592592592593
        },
        "opportunist": {
          "wins": 3,
          "games": 248,
          "rate": 0.012096774193548387
        }
      },
      "genoa": {
        "rusher": {
          "wins": 19,
          "games": 246,
          "rate": 0.07723577235772358
        },
        "trader": {
          "wins": 148,
          "games": 254,
          "rate": 0.5826771653543307
        },
        "turtler": {
          "wins": 25,
          "games": 259,
          "rate": 0.09652509652509653
        },
        "opportunist": {
          "wins": 1,
          "games": 241,
          "rate": 0.004149377593360996
        }
      },
      "hungary": {
        "rusher": {
          "wins": 62,
          "games": 264,
          "rate": 0.23484848484848486
        },
        "trader": {
          "wins": 108,
          "games": 259,
          "rate": 0.416988416988417
        },
        "turtler": {
          "wins": 12,
          "games": 229,
          "rate": 0.05240174672489083
        },
        "opportunist": {
          "wins": 32,
          "games": 248,
          "rate": 0.12903225806451613
        }
      }
    }
  },
  "gameLength": {
    "histogram": {
      "3": 1,
      "5": 2,
      "6": 12,
      "7": 7,
      "8": 4,
      "9": 4,
      "10": 7,
      "11": 19,
      "12": 17,
      "13": 47,
      "14": 76,
      "15": 90,
      "16": 714
    },
    "mean": 15.134,
    "median": 16
  },
  "victoryTypes": {
    "counts": {
      "threshold": 505,
      "cap": 366,
      "suddenDeath": 129,
      "elimination": 0
    },
    "rates": {
      "threshold": 0.505,
      "cap": 0.366,
      "suddenDeath": 0.129,
      "elimination": 0
    }
  },
  "suddenDeathRate": 0.129,
  "eliminations": {
    "byzantium": {
      "count": 0,
      "rate": 0,
      "avgRound": null
    },
    "ottomans": {
      "count": 1,
      "rate": 0.001,
      "avgRound": 12
    },
    "venice": {
      "count": 0,
      "rate": 0,
      "avgRound": null
    },
    "genoa": {
      "count": 0,
      "rate": 0,
      "avgRound": null
    },
    "hungary": {
      "count": 3,
      "rate": 0.003,
      "avgRound": 10.666666666666666
    }
  },
  "avgPrestigeByRound": {
    "byzantium": [
      2.1091999999999875,
      5.491399999999984,
      8.187100000000004,
      11.051551551551471,
      14.18428428428425,
      17.062988966900782,
      20.62609137055846,
      23.917893660531664,
      27.18583162217663,
      30.28742268041246,
      33.21017653167171,
      35.92012711864391,
      38.555124056094805,
      40.593295454545476,
      42.91281094527363,
      44.831932773109116
    ],
    "ottomans": [
      1.622999999999995,
      3.7145999999999617,
      5.69929999999998,
      7.598498498498522,
      10.44794794794788,
      12.25526579739221,
      13.992081218274238,
      17.851124744376357,
      19.637063655030673,
      21.35628865979385,
      23.07954309449634,
      25.85095338983042,
      28.16202804746505,
      30.612159090909,
      32.88034825870661,
      36.11428571428567
    ],
    "venice": [
      2.81960000000002,
      5.756200000000048,
      8.65059999999989,
      11.552352352352434,
      15.697997997998003,
      18.667101303911494,
      22.594416243654674,
      29.605725971370465,
      32.61447638603733,
      35.61628865979383,
      38.544444444444366,
      43.88622881355882,
      46.99352750809112,
      50.060113636363454,
      52.97699004975122,
      57.217507002801206
    ],
    "genoa": [
      2.793800000000018,
      5.688000000000042,
      8.551199999999891,
      11.412612612612685,
      14.307407407407416,
      17.175927783349824,
      21.267106598984682,
      27.343762781186378,
      30.354209445585585,
      33.25278350515465,
      36.14735202492188,
      40.91292372881305,
      43.835706580367294,
      46.715227272727184,
      49.48457711442784,
      54.221568627451
    ],
    "hungary": [
      1.7988000000000082,
      5.485399999999964,
      9.265400000000032,
      12.462262262262255,
      16.236636636636558,
      19.76519558676043,
      23.381319796954497,
      26.927198364008124,
      30.00985626283339,
      33.100824742267925,
      36.13478712357229,
      39.9102754237291,
      43.36019417475714,
      46.45079545454531,
      49.7180348258707,
      54.204201680672256
    ]
  },
  "meanBattlesPerGame": 8.539
}
