{
  "config": {
    "games": 3000,
    "baseSeed": 24681357,
    "smoke": false,
    "maxRounds": 16,
    "victoryThreshold": 78,
    "policies": [
      "rusher",
      "trader",
      "turtler",
      "opportunist"
    ],
    "elapsedMs": 10514
  },
  "winRates": {
    "byFaction": {
      "byzantium": {
        "wins": 469,
        "games": 3000,
        "rate": 0.15633333333333332
      },
      "ottomans": {
        "wins": 440,
        "games": 3000,
        "rate": 0.14666666666666667
      },
      "venice": {
        "wins": 530,
        "games": 3000,
        "rate": 0.17666666666666667
      },
      "genoa": {
        "wins": 743,
        "games": 3000,
        "rate": 0.24766666666666667
      },
      "hungary": {
        "wins": 818,
        "games": 3000,
        "rate": 0.27266666666666667
      }
    },
    "byPolicy": {
      "rusher": {
        "wins": 549,
        "games": 3750,
        "rate": 0.1464
      },
      "trader": {
        "wins": 1082,
        "games": 3750,
        "rate": 0.2885333333333333
      },
      "turtler": {
        "wins": 457,
        "games": 3750,
        "rate": 0.12186666666666666
      },
      "opportunist": {
        "wins": 912,
        "games": 3750,
        "rate": 0.2432
      }
    },
    "byFactionPolicy": {
      "byzantium": {
        "rusher": {
          "wins": 115,
          "games": 745,
          "rate": 0.15436241610738255
        },
        "trader": {
          "wins": 24,
          "games": 735,
          "rate": 0.0326530612244898
        },
        "turtler": {
          "wins": 1,
          "games": 778,
          "rate": 0.0012853470437017994
        },
        "opportunist": {
          "wins": 329,
          "games": 742,
          "rate": 0.44339622641509435
        }
      },
      "ottomans": {
        "rusher": {
          "wins": 270,
          "games": 777,
          "rate": 0.3474903474903475
        },
        "trader": {
          "wins": 8,
          "games": 756,
          "rate": 0.010582010582010581
        },
        "turtler": {
          "wins": 0,
          "games": 735,
          "rate": 0
        },
        "opportunist": {
          "wins": 162,
          "games": 732,
          "rate": 0.22131147540983606
        }
      },
      "venice": {
        "rusher": {
          "wins": 5,
          "games": 744,
          "rate": 0.006720430107526882
        },
        "trader": {
          "wins": 362,
          "games": 751,
          "rate": 0.48202396804260983
        },
        "turtler": {
          "wins": 162,
          "games": 754,
          "rate": 0.21485411140583555
        },
        "opportunist": {
          "wins": 1,
          "games": 751,
          "rate": 0.0013315579227696406
        }
      },
      "genoa": {
        "rusher": {
          "wins": 11,
          "games": 736,
          "rate": 0.014945652173913044
        },
        "trader": {
          "wins": 538,
          "games": 770,
          "rate": 0.6987012987012987
        },
        "turtler": {
          "wins": 192,
          "games": 753,
          "rate": 0.2549800796812749
        },
        "opportunist": {
          "wins": 2,
          "games": 741,
          "rate": 0.002699055330634278
        }
      },
      "hungary": {
        "rusher": {
          "wins": 148,
          "games": 748,
          "rate": 0.19786096256684493
        },
        "trader": {
          "wins": 150,
          "games": 738,
          "rate": 0.2032520325203252
        },
        "turtler": {
          "wins": 102,
          "games": 730,
          "rate": 0.13972602739726028
        },
        "opportunist": {
          "wins": 418,
          "games": 784,
          "rate": 0.5331632653061225
        }
      }
    }
  },
  "gameLength": {
    "histogram": {
      "9": 4,
      "10": 10,
      "11": 47,
      "12": 132,
      "13": 211,
      "14": 552,
      "15": 683,
      "16": 1361
    },
    "mean": 14.909666666666666,
    "median": 15
  },
  "victoryTypes": {
    "counts": {
      "threshold": 1841,
      "cap": 1023,
      "suddenDeath": 136,
      "elimination": 0
    },
    "rates": {
      "threshold": 0.6136666666666667,
      "cap": 0.341,
      "suddenDeath": 0.04533333333333334,
      "elimination": 0
    }
  },
  "suddenDeathRate": 0.04533333333333334,
  "eliminations": {
    "byzantium": {
      "count": 0,
      "rate": 0,
      "avgRound": null
    },
    "ottomans": {
      "count": 0,
      "rate": 0,
      "avgRound": null
    },
    "venice": {
      "count": 0,
      "rate": 0,
      "avgRound": null
    },
    "genoa": {
      "count": 0,
      "rate": 0,
      "avgRound": null
    },
    "hungary": {
      "count": 0,
      "rate": 0,
      "avgRound": null
    }
  },
  "avgPrestigeByRound": {
    "byzantium": [
      3.1633333333333336,
      7.008333333333334,
      10.494333333333334,
      13.895666666666667,
      17.548333333333332,
      21.201333333333334,
      25.176666666666666,
      30.647,
      34.79366666666667,
      38.403871829105476,
      42.15204286671132,
      47.29738006124532,
      51.05806911293195,
      54.90639445300462,
      57.90802348336595,
      61.39235855988244
    ],
    "ottomans": [
      3.6963333333333335,
      6.490333333333333,
      9.639,
      13.993333333333334,
      16.976333333333333,
      19.888333333333332,
      22.952,
      26.236,
      29.69333333333333,
      33.00300400534045,
      36.3476222371065,
      39.931949642735624,
      43.822230138938366,
      47.5882126348228,
      50.49853228962818,
      52.27626745040411
    ],
    "venice": [
      3.4876666666666667,
      6.991,
      10.598666666666666,
      14.114666666666666,
      17.618333333333332,
      21.725666666666665,
      25.831333333333333,
      32.46933333333333,
      36.605333333333334,
      41.9522696929239,
      45.764567983924984,
      49.47260973120109,
      55.018168863555395,
      59.81086286594761,
      62.91291585127202,
      65.27332843497429
    ],
    "genoa": [
      3.5076666666666667,
      7.036333333333333,
      10.568333333333333,
      14.094333333333333,
      17.669,
      21.275333333333332,
      25.996,
      30.825333333333333,
      36.767,
      40.73965287049399,
      44.763898191560614,
      49.84654644436883,
      55.62629141432134,
      59.10362095531587,
      60.886986301369866,
      60.71050698016165
    ],
    "hungary": [
      3.707333333333333,
      8.375666666666667,
      13.826666666666666,
      18.307,
      22.629333333333335,
      27.875333333333334,
      32.13366666666667,
      36.888333333333335,
      41.28,
      45.58177570093458,
      50.04219691895512,
      54.50935692412385,
      58.37192732454578,
      61.98651771956857,
      65.63356164383562,
      69.24246877296106
    ]
  },
  "meanBattlesPerGame": 11.258
}
