{
  "config": {
    "games": 5000,
    "baseSeed": 987654321,
    "smoke": false,
    "maxRounds": 16,
    "victoryThreshold": 70,
    "policies": [
      "rusher",
      "trader",
      "turtler",
      "opportunist"
    ],
    "elapsedMs": 9967
  },
  "winRates": {
    "byFaction": {
      "byzantium": {
        "wins": 834,
        "games": 5000,
        "rate": 0.1668
      },
      "ottomans": {
        "wins": 596,
        "games": 5000,
        "rate": 0.1192
      },
      "venice": {
        "wins": 1174,
        "games": 5000,
        "rate": 0.2348
      },
      "genoa": {
        "wins": 1228,
        "games": 5000,
        "rate": 0.2456
      },
      "hungary": {
        "wins": 1168,
        "games": 5000,
        "rate": 0.2336
      }
    },
    "byPolicy": {
      "rusher": {
        "wins": 1462,
        "games": 6250,
        "rate": 0.23392
      },
      "trader": {
        "wins": 2128,
        "games": 6250,
        "rate": 0.34048
      },
      "turtler": {
        "wins": 782,
        "games": 6250,
        "rate": 0.12512
      },
      "opportunist": {
        "wins": 628,
        "games": 6250,
        "rate": 0.10048
      }
    },
    "byFactionPolicy": {
      "byzantium": {
        "rusher": {
          "wins": 495,
          "games": 1223,
          "rate": 0.40474243663123466
        },
        "trader": {
          "wins": 72,
          "games": 1282,
          "rate": 0.056162246489859596
        },
        "turtler": {
          "wins": 11,
          "games": 1259,
          "rate": 0.008737092930897538
        },
        "opportunist": {
          "wins": 256,
          "games": 1236,
          "rate": 0.20711974110032363
        }
      },
      "ottomans": {
        "rusher": {
          "wins": 286,
          "games": 1280,
          "rate": 0.2234375
        },
        "trader": {
          "wins": 122,
          "games": 1258,
          "rate": 0.09697933227344992
        },
        "turtler": {
          "wins": 61,
          "games": 1209,
          "rate": 0.050454921422663356
        },
        "opportunist": {
          "wins": 127,
          "games": 1253,
          "rate": 0.10135674381484437
        }
      },
      "venice": {
        "rusher": {
          "wins": 172,
          "games": 1237,
          "rate": 0.13904607922392886
        },
        "trader": {
          "wins": 624,
          "games": 1211,
          "rate": 0.5152766308835673
        },
        "turtler": {
          "wins": 354,
          "games": 1290,
          "rate": 0.2744186046511628
        },
        "opportunist": {
          "wins": 24,
          "games": 1262,
          "rate": 0.01901743264659271
        }
      },
      "genoa": {
        "rusher": {
          "wins": 134,
          "games": 1239,
          "rate": 0.10815173527037934
        },
        "trader": {
          "wins": 836,
          "games": 1274,
          "rate": 0.6562009419152276
        },
        "turtler": {
          "wins": 256,
          "games": 1224,
          "rate": 0.20915032679738563
        },
        "opportunist": {
          "wins": 2,
          "games": 1263,
          "rate": 0.001583531274742676
        }
      },
      "hungary": {
        "rusher": {
          "wins": 375,
          "games": 1271,
          "rate": 0.2950432730133753
        },
        "trader": {
          "wins": 474,
          "games": 1225,
          "rate": 0.38693877551020406
        },
        "turtler": {
          "wins": 100,
          "games": 1268,
          "rate": 0.07886435331230283
        },
        "opportunist": {
          "wins": 219,
          "games": 1236,
          "rate": 0.17718446601941748
        }
      }
    }
  },
  "gameLength": {
    "histogram": {
      "4": 6,
      "5": 23,
      "6": 26,
      "7": 15,
      "8": 18,
      "9": 14,
      "10": 54,
      "11": 55,
      "12": 137,
      "13": 197,
      "14": 321,
      "15": 411,
      "16": 3723
    },
    "mean": 15.2494,
    "median": 16
  },
  "victoryTypes": {
    "counts": {
      "threshold": 2320,
      "cap": 2195,
      "suddenDeath": 485,
      "elimination": 0
    },
    "rates": {
      "threshold": 0.464,
      "cap": 0.439,
      "suddenDeath": 0.097,
      "elimination": 0
    }
  },
  "suddenDeathRate": 0.097,
  "eliminations": {
    "byzantium": {
      "count": 0,
      "rate": 0,
      "avgRound": null
    },
    "ottomans": {
      "count": 1,
      "rate": 0.0002,
      "avgRound": 12
    },
    "venice": {
      "count": 0,
      "rate": 0,
      "avgRound": null
    },
    "genoa": {
      "count": 0,
      "rate": 0,
      "avgRound": null
    },
    "hungary": {
      "count": 4,
      "rate": 0.0008,
      "avgRound": 11.25
    }
  },
  "avgPrestigeByRound": {
    "byzantium": [
      2.111180000000053,
      5.5755200000000125,
      8.373440000000006,
      11.236160000000414,
      14.402703243892708,
      17.309656004828156,
      20.84036400404441,
      24.16780933062895,
      27.275610749185358,
      30.37247856267823,
      33.22107762180095,
      35.89883065358233,
      38.2256663800519,
      40.44879910213191,
      42.5981373971938,
      44.27596024711337
    ],
    "ottomans": [
      1.623700000000027,
      3.7246800000000864,
      5.7269200000000895,
      7.712680000000127,
      10.579515418502563,
      12.353470126734862,
      14.264752275024874,
      18.10129817444177,
      19.927219055375065,
      21.697754185381275,
      23.5482452518581,
      26.305637920234577,
      28.824290627686604,
      31.075914702581425,
      33.31470730527236,
      36.866559226430596
    ],
    "venice": [
      2.8201999999998346,
      5.763159999999639,
      8.679480000000554,
      11.597499999999323,
      15.298638366039205,
      18.25530074431822,
      21.94224469160891,
      27.9657606490855,
      30.93033387622132,
      33.85302164148636,
      36.76523534269093,
      41.391710169139934,
      44.46706792777062,
      47.469270482605886,
      50.406313497823035,
      54.0485361267776
    ],
    "genoa": [
      2.7844399999998406,
      5.6425199999996565,
      8.486000000000542,
      11.337479999999365,
      15.291069283139722,
      18.16974451820678,
      22.28082912032487,
      28.52097363082984,
      31.453868078175812,
      34.320171498570886,
      37.14983484723251,
      41.92307371058924,
      44.85455717970513,
      47.6593939393961,
      50.41315916787625,
      54.88232608111535
    ],
    "hungary": [
      1.787399999999986,
      5.479920000000234,
      9.26243999999988,
      12.49736000000012,
      16.19431317581136,
      19.80925367129293,
      23.26641051567126,
      26.843975659229454,
      29.949063517916137,
      32.994569211922986,
      35.91777456647465,
      39.758362915012746,
      42.900730868444086,
      46.03755331088655,
      49.4230769230761,
      53.51300026860169
    ]
  },
  "meanBattlesPerGame": 8.5184
}
