{
  "config": {
    "games": 3000,
    "baseSeed": 24681357,
    "smoke": false,
    "maxRounds": 16,
    "victoryThreshold": 78,
    "policies": [
      "rusher",
      "trader",
      "turtler",
      "opportunist"
    ],
    "elapsedMs": 10177
  },
  "winRates": {
    "byFaction": {
      "byzantium": {
        "wins": 444,
        "games": 3000,
        "rate": 0.148
      },
      "ottomans": {
        "wins": 430,
        "games": 3000,
        "rate": 0.14333333333333334
      },
      "venice": {
        "wins": 527,
        "games": 3000,
        "rate": 0.17566666666666667
      },
      "genoa": {
        "wins": 775,
        "games": 3000,
        "rate": 0.25833333333333336
      },
      "hungary": {
        "wins": 824,
        "games": 3000,
        "rate": 0.27466666666666667
      }
    },
    "byPolicy": {
      "rusher": {
        "wins": 537,
        "games": 3750,
        "rate": 0.1432
      },
      "trader": {
        "wins": 1109,
        "games": 3750,
        "rate": 0.29573333333333335
      },
      "turtler": {
        "wins": 464,
        "games": 3750,
        "rate": 0.12373333333333333
      },
      "opportunist": {
        "wins": 890,
        "games": 3750,
        "rate": 0.23733333333333334
      }
    },
    "byFactionPolicy": {
      "byzantium": {
        "rusher": {
          "wins": 101,
          "games": 745,
          "rate": 0.13557046979865772
        },
        "trader": {
          "wins": 27,
          "games": 735,
          "rate": 0.036734693877551024
        },
        "turtler": {
          "wins": 2,
          "games": 778,
          "rate": 0.002570694087403599
        },
        "opportunist": {
          "wins": 314,
          "games": 742,
          "rate": 0.42318059299191374
        }
      },
      "ottomans": {
        "rusher": {
          "wins": 272,
          "games": 777,
          "rate": 0.35006435006435005
        },
        "trader": {
          "wins": 14,
          "games": 756,
          "rate": 0.018518518518518517
        },
        "turtler": {
          "wins": 0,
          "games": 735,
          "rate": 0
        },
        "opportunist": {
          "wins": 144,
          "games": 732,
          "rate": 0.19672131147540983
        }
      },
      "venice": {
        "rusher": {
          "wins": 6,
          "games": 744,
          "rate": 0.008064516129032258
        },
        "trader": {
          "wins": 364,
          "games": 751,
          "rate": 0.48468708388814913
        },
        "turtler": {
          "wins": 157,
          "games": 754,
          "rate": 0.20822281167108753
        },
        "opportunist": {
          "wins": 0,
          "games": 751,
          "rate": 0
        }
      },
      "genoa": {
        "rusher": {
          "wins": 10,
          "games": 736,
          "rate": 0.01358695652173913
        },
        "trader": {
          "wins": 560,
          "games": 770,
          "rate": 0.7272727272727273
        },
        "turtler": {
          "wins": 203,
          "games": 753,
          "rate": 0.2695883134130146
        },
        "opportunist": {
          "wins": 2,
          "games": 741,
          "rate": 0.002699055330634278
        }
      },
      "hungary": {
        "rusher": {
          "wins": 148,
          "games": 748,
          "rate": 0.19786096256684493
        },
        "trader": {
          "wins": 144,
          "games": 738,
          "rate": 0.1951219512195122
        },
        "turtler": {
          "wins": 102,
          "games": 730,
          "rate": 0.13972602739726028
        },
        "opportunist": {
          "wins": 430,
          "games": 784,
          "rate": 0.548469387755102
        }
      }
    }
  },
  "gameLength": {
    "histogram": {
      "9": 7,
      "10": 13,
      "11": 34,
      "12": 122,
      "13": 214,
      "14": 556,
      "15": 676,
      "16": 1378
    },
    "mean": 14.928333333333333,
    "median": 15
  },
  "victoryTypes": {
    "counts": {
      "threshold": 1823,
      "cap": 1032,
      "suddenDeath": 145,
      "elimination": 0
    },
    "rates": {
      "threshold": 0.6076666666666667,
      "cap": 0.344,
      "suddenDeath": 0.04833333333333333,
      "elimination": 0
    }
  },
  "suddenDeathRate": 0.04833333333333333,
  "eliminations": {
    "byzantium": {
      "count": 0,
      "rate": 0,
      "avgRound": null
    },
    "ottomans": {
      "count": 0,
      "rate": 0,
      "avgRound": null
    },
    "venice": {
      "count": 0,
      "rate": 0,
      "avgRound": null
    },
    "genoa": {
      "count": 0,
      "rate": 0,
      "avgRound": null
    },
    "hungary": {
      "count": 0,
      "rate": 0,
      "avgRound": null
    }
  },
  "avgPrestigeByRound": {
    "byzantium": [
      3.1666666666666665,
      7.004333333333333,
      10.498333333333333,
      13.91,
      17.541666666666668,
      21.159333333333333,
      25.105333333333334,
      30.491333333333333,
      34.656333333333336,
      38.178082191780824,
      41.82248322147651,
      47.13272233536999,
      50.83958923512748,
      54.8183908045977,
      57.94157740993184,
      61.34325108853411
    ],
    "ottomans": [
      3.6966666666666668,
      6.506666666666667,
      9.653666666666666,
      13.975333333333333,
      16.942666666666668,
      19.953666666666667,
      23.047666666666668,
      26.286666666666665,
      29.667333333333332,
      32.92950217173404,
      36.30738255033557,
      39.769517990495586,
      43.90793201133145,
      47.34022988505747,
      50.069133398247324,
      52.100145137880986
    ],
    "venice": [
      3.4876666666666667,
      6.9943333333333335,
      10.603333333333333,
      14.124666666666666,
      17.622666666666667,
      21.711333333333332,
      25.819666666666667,
      32.488,
      36.62466666666667,
      41.94988306047444,
      45.74832214765101,
      49.455193482688394,
      54.977337110481585,
      59.733333333333334,
      62.87195715676728,
      65.17706821480407
    ],
    "genoa": [
      3.507,
      7.036333333333333,
      10.572333333333333,
      14.096666666666666,
      17.678333333333335,
      21.301333333333332,
      26.011666666666667,
      30.855,
      36.82566666666666,
      40.74707651186101,
      44.73859060402685,
      49.84317718940937,
      55.60056657223796,
      59.06360153256705,
      60.66358325219085,
      60.72278664731495
    ],
    "hungary": [
      3.707,
      8.365666666666666,
      13.813666666666666,
      18.295333333333332,
      22.613333333333333,
      27.835333333333335,
      32.090666666666664,
      36.824666666666666,
      41.205,
      45.51887738055463,
      49.98758389261745,
      54.42837746096402,
      58.42351274787536,
      61.95785440613027,
      65.5968841285297,
      69.16835994194484
    ]
  },
  "meanBattlesPerGame": 11.192666666666666
}
