{
  "config": {
    "games": 1000,
    "baseSeed": 14530000,
    "smoke": false,
    "maxRounds": 16,
    "victoryThreshold": 70,
    "policies": [
      "rusher",
      "trader",
      "turtler",
      "opportunist"
    ],
    "elapsedMs": 2248
  },
  "winRates": {
    "byFaction": {
      "byzantium": {
        "wins": 168,
        "games": 1000,
        "rate": 0.168
      },
      "ottomans": {
        "wins": 149,
        "games": 1000,
        "rate": 0.149
      },
      "venice": {
        "wins": 197,
        "games": 1000,
        "rate": 0.197
      },
      "genoa": {
        "wins": 247,
        "games": 1000,
        "rate": 0.247
      },
      "hungary": {
        "wins": 239,
        "games": 1000,
        "rate": 0.239
      }
    },
    "byPolicy": {
      "rusher": {
        "wins": 291,
        "games": 1250,
        "rate": 0.2328
      },
      "trader": {
        "wins": 425,
        "games": 1250,
        "rate": 0.34
      },
      "turtler": {
        "wins": 136,
        "games": 1250,
        "rate": 0.1088
      },
      "opportunist": {
        "wins": 148,
        "games": 1250,
        "rate": 0.1184
      }
    },
    "byFactionPolicy": {
      "byzantium": {
        "rusher": {
          "wins": 104,
          "games": 255,
          "rate": 0.40784313725490196
        },
        "trader": {
          "wins": 17,
          "games": 261,
          "rate": 0.06513409961685823
        },
        "turtler": {
          "wins": 2,
          "games": 243,
          "rate": 0.00823045267489712
        },
        "opportunist": {
          "wins": 45,
          "games": 241,
          "rate": 0.18672199170124482
        }
      },
      "ottomans": {
        "rusher": {
          "wins": 58,
          "games": 232,
          "rate": 0.25
        },
        "trader": {
          "wins": 29,
          "games": 247,
          "rate": 0.11740890688259109
        },
        "turtler": {
          "wins": 10,
          "games": 249,
          "rate": 0.040160642570281124
        },
        "opportunist": {
          "wins": 52,
          "games": 272,
          "rate": 0.19117647058823528
        }
      },
      "venice": {
        "rusher": {
          "wins": 32,
          "games": 253,
          "rate": 0.12648221343873517
        },
        "trader": {
          "wins": 104,
          "games": 229,
          "rate": 0.45414847161572053
        },
        "turtler": {
          "wins": 58,
          "games": 270,
          "rate": 0.21481481481481482
        },
        "opportunist": {
          "wins": 3,
          "games": 248,
          "rate": 0.012096774193548387
        }
      },
      "genoa": {
        "rusher": {
          "wins": 26,
          "games": 246,
          "rate": 0.10569105691056911
        },
        "trader": {
          "wins": 167,
          "games": 254,
          "rate": 0.65748031496063
        },
        "turtler": {
          "wins": 53,
          "games": 259,
          "rate": 0.20463320463320464
        },
        "opportunist": {
          "wins": 1,
          "games": 241,
          "rate": 0.004149377593360996
        }
      },
      "hungary": {
        "rusher": {
          "wins": 71,
          "games": 264,
          "rate": 0.2689393939393939
        },
        "trader": {
          "wins": 108,
          "games": 259,
          "rate": 0.416988416988417
        },
        "turtler": {
          "wins": 13,
          "games": 229,
          "rate": 0.056768558951965066
        },
        "opportunist": {
          "wins": 47,
          "games": 248,
          "rate": 0.18951612903225806
        }
      }
    }
  },
  "gameLength": {
    "histogram": {
      "3": 1,
      "5": 2,
      "6": 12,
      "7": 6,
      "8": 4,
      "9": 5,
      "10": 6,
      "11": 19,
      "12": 19,
      "13": 56,
      "14": 77,
      "15": 83,
      "16": 710
    },
    "mean": 15.112,
    "median": 16
  },
  "victoryTypes": {
    "counts": {
      "threshold": 454,
      "cap": 416,
      "suddenDeath": 130,
      "elimination": 0
    },
    "rates": {
      "threshold": 0.454,
      "cap": 0.416,
      "suddenDeath": 0.13,
      "elimination": 0
    }
  },
  "suddenDeathRate": 0.13,
  "eliminations": {
    "byzantium": {
      "count": 0,
      "rate": 0,
      "avgRound": null
    },
    "ottomans": {
      "count": 0,
      "rate": 0,
      "avgRound": null
    },
    "venice": {
      "count": 0,
      "rate": 0,
      "avgRound": null
    },
    "genoa": {
      "count": 0,
      "rate": 0,
      "avgRound": null
    },
    "hungary": {
      "count": 3,
      "rate": 0.003,
      "avgRound": 10.666666666666666
    }
  },
  "avgPrestigeByRound": {
    "byzantium": [
      2.1111999999999878,
      5.606399999999986,
      8.335100000000002,
      11.236736736736654,
      14.397997997997962,
      17.313741223671087,
      20.918274111675206,
      24.22737487231866,
      27.462051282051323,
      30.512474226804212,
      33.377697095435536,
      36.077248677248505,
      38.879913606911316,
      40.91367816091956,
      42.95977301387136,
      45.106901408450575
    ],
    "ottomans": [
      1.622999999999995,
      3.7155999999999616,
      5.722299999999979,
      7.6395395395395616,
      10.54054054054047,
      12.344533600802444,
      14.1178680203047,
      18.059959141981693,
      19.853948717948597,
      21.604226804123748,
      23.32302904564313,
      26.139788359788263,
      28.550323974082186,
      31.126206896551622,
      33.40605296343015,
      36.638591549295725
    ],
    "venice": [
      2.81960000000002,
      5.756200000000048,
      8.65059999999989,
      11.552352352352434,
      15.314614614614618,
      18.259879638916516,
      21.86527918781714,
      27.733605720122846,
      30.71097435897471,
      33.70144329896909,
      36.59616182572596,
      41.16857142857095,
      44.24200863930933,
      47.20551724137923,
      49.971626733921795,
      53.50014084507037
    ],
    "genoa": [
      2.793800000000018,
      5.688000000000042,
      8.551199999999891,
      11.412612612612685,
      15.458558558558568,
      18.340421263791132,
      22.445786802030316,
      28.511338100102456,
      31.517641025641403,
      34.41670103092785,
      37.30912863070523,
      42.03576719576668,
      44.99114470842386,
      47.79839080459759,
      50.69722572509456,
      55.54647887323949
    ],
    "hungary": [
      1.7988000000000082,
      5.485399999999964,
      9.269400000000033,
      12.464264264264258,
      16.23963963963956,
      19.78024072216665,
      23.42446700507633,
      26.993462717058165,
      30.103897435897153,
      33.202886597938026,
      36.35549792531131,
      40.25968253968282,
      43.59654427645775,
      46.471034482758455,
      49.82698612862552,
      54.164929577464775
    ]
  },
  "meanBattlesPerGame": 8.552
}
