{
  "config": {
    "games": 3000,
    "baseSeed": 24681357,
    "smoke": false,
    "maxRounds": 16,
    "victoryThreshold": 78,
    "policies": [
      "rusher",
      "trader",
      "turtler",
      "opportunist"
    ],
    "elapsedMs": 10104
  },
  "winRates": {
    "byFaction": {
      "byzantium": {
        "wins": 444,
        "games": 3000,
        "rate": 0.148
      },
      "ottomans": {
        "wins": 427,
        "games": 3000,
        "rate": 0.14233333333333334
      },
      "venice": {
        "wins": 530,
        "games": 3000,
        "rate": 0.17666666666666667
      },
      "genoa": {
        "wins": 776,
        "games": 3000,
        "rate": 0.25866666666666666
      },
      "hungary": {
        "wins": 823,
        "games": 3000,
        "rate": 0.2743333333333333
      }
    },
    "byPolicy": {
      "rusher": {
        "wins": 537,
        "games": 3750,
        "rate": 0.1432
      },
      "trader": {
        "wins": 1107,
        "games": 3750,
        "rate": 0.2952
      },
      "turtler": {
        "wins": 469,
        "games": 3750,
        "rate": 0.12506666666666666
      },
      "opportunist": {
        "wins": 887,
        "games": 3750,
        "rate": 0.23653333333333335
      }
    },
    "byFactionPolicy": {
      "byzantium": {
        "rusher": {
          "wins": 101,
          "games": 745,
          "rate": 0.13557046979865772
        },
        "trader": {
          "wins": 27,
          "games": 735,
          "rate": 0.036734693877551024
        },
        "turtler": {
          "wins": 2,
          "games": 778,
          "rate": 0.002570694087403599
        },
        "opportunist": {
          "wins": 314,
          "games": 742,
          "rate": 0.42318059299191374
        }
      },
      "ottomans": {
        "rusher": {
          "wins": 272,
          "games": 777,
          "rate": 0.35006435006435005
        },
        "trader": {
          "wins": 13,
          "games": 756,
          "rate": 0.017195767195767195
        },
        "turtler": {
          "wins": 0,
          "games": 735,
          "rate": 0
        },
        "opportunist": {
          "wins": 142,
          "games": 732,
          "rate": 0.19398907103825136
        }
      },
      "venice": {
        "rusher": {
          "wins": 6,
          "games": 744,
          "rate": 0.008064516129032258
        },
        "trader": {
          "wins": 365,
          "games": 751,
          "rate": 0.48601864181091875
        },
        "turtler": {
          "wins": 159,
          "games": 754,
          "rate": 0.21087533156498675
        },
        "opportunist": {
          "wins": 0,
          "games": 751,
          "rate": 0
        }
      },
      "genoa": {
        "rusher": {
          "wins": 10,
          "games": 736,
          "rate": 0.01358695652173913
        },
        "trader": {
          "wins": 559,
          "games": 770,
          "rate": 0.7259740259740259
        },
        "turtler": {
          "wins": 205,
          "games": 753,
          "rate": 0.27224435590969454
        },
        "opportunist": {
          "wins": 2,
          "games": 741,
          "rate": 0.002699055330634278
        }
      },
      "hungary": {
        "rusher": {
          "wins": 148,
          "games": 748,
          "rate": 0.19786096256684493
        },
        "trader": {
          "wins": 143,
          "games": 738,
          "rate": 0.1937669376693767
        },
        "turtler": {
          "wins": 103,
          "games": 730,
          "rate": 0.1410958904109589
        },
        "opportunist": {
          "wins": 429,
          "games": 784,
          "rate": 0.5471938775510204
        }
      }
    }
  },
  "gameLength": {
    "histogram": {
      "9": 7,
      "10": 13,
      "11": 34,
      "12": 122,
      "13": 211,
      "14": 560,
      "15": 672,
      "16": 1381
    },
    "mean": 14.93,
    "median": 15
  },
  "victoryTypes": {
    "counts": {
      "threshold": 1821,
      "cap": 1034,
      "suddenDeath": 145,
      "elimination": 0
    },
    "rates": {
      "threshold": 0.607,
      "cap": 0.3446666666666667,
      "suddenDeath": 0.04833333333333333,
      "elimination": 0
    }
  },
  "suddenDeathRate": 0.04833333333333333,
  "eliminations": {
    "byzantium": {
      "count": 0,
      "rate": 0,
      "avgRound": null
    },
    "ottomans": {
      "count": 0,
      "rate": 0,
      "avgRound": null
    },
    "venice": {
      "count": 0,
      "rate": 0,
      "avgRound": null
    },
    "genoa": {
      "count": 0,
      "rate": 0,
      "avgRound": null
    },
    "hungary": {
      "count": 0,
      "rate": 0,
      "avgRound": null
    }
  },
  "avgPrestigeByRound": {
    "byzantium": [
      3.1666666666666665,
      7.004333333333333,
      10.498333333333333,
      13.91,
      17.541666666666668,
      21.159333333333333,
      25.105333333333334,
      30.491333333333333,
      34.656333333333336,
      38.178082191780824,
      41.823154362416105,
      47.13543788187373,
      50.8356940509915,
      54.80711825487945,
      57.94982951777886,
      61.394641564084
    ],
    "ottomans": [
      3.6966666666666668,
      6.506666666666667,
      9.653666666666666,
      13.975333333333333,
      16.942666666666668,
      19.953666666666667,
      23.047666666666668,
      26.286666666666665,
      29.667333333333332,
      32.92950217173404,
      36.30805369127517,
      39.75797691785472,
      43.880665722379604,
      47.38805970149254,
      50.06721870433512,
      52.06879073135409
    ],
    "venice": [
      3.4876666666666667,
      6.9943333333333335,
      10.603333333333333,
      14.124666666666666,
      17.622666666666667,
      21.711333333333332,
      25.819666666666667,
      32.488,
      36.62466666666667,
      41.94988306047444,
      45.74832214765101,
      49.45587236931433,
      54.978045325779036,
      59.737083811710676,
      62.86215294690697,
      65.16871832005793
    ],
    "genoa": [
      3.507,
      7.036333333333333,
      10.572333333333333,
      14.096666666666666,
      17.678333333333335,
      21.301333333333332,
      26.011666666666667,
      30.855,
      36.82566666666666,
      40.74707651186101,
      44.73859060402685,
      49.84317718940937,
      55.60056657223796,
      59.08151549942595,
      60.66000974184121,
      60.72990586531499
    ],
    "hungary": [
      3.707,
      8.365666666666666,
      13.813666666666666,
      18.295333333333332,
      22.613333333333333,
      27.835333333333335,
      32.090666666666664,
      36.824666666666666,
      41.205,
      45.51887738055463,
      49.98758389261745,
      54.426680244399186,
      58.42492917847026,
      61.959433601224646,
      65.58938139308329,
      69.15061549601738
    ]
  },
  "meanBattlesPerGame": 11.185
}
