{
  "config": {
    "games": 3000,
    "baseSeed": 24681357,
    "smoke": false,
    "maxRounds": 16,
    "victoryThreshold": 84,
    "policies": [
      "rusher",
      "trader",
      "turtler",
      "opportunist"
    ],
    "elapsedMs": 10123
  },
  "winRates": {
    "byFaction": {
      "byzantium": {
        "wins": 566,
        "games": 3000,
        "rate": 0.18866666666666668
      },
      "ottomans": {
        "wins": 418,
        "games": 3000,
        "rate": 0.13933333333333334
      },
      "venice": {
        "wins": 389,
        "games": 3000,
        "rate": 0.12966666666666668
      },
      "genoa": {
        "wins": 833,
        "games": 3000,
        "rate": 0.2776666666666667
      },
      "hungary": {
        "wins": 794,
        "games": 3000,
        "rate": 0.26466666666666666
      }
    },
    "byPolicy": {
      "rusher": {
        "wins": 470,
        "games": 3750,
        "rate": 0.12533333333333332
      },
      "trader": {
        "wins": 965,
        "games": 3750,
        "rate": 0.25733333333333336
      },
      "turtler": {
        "wins": 719,
        "games": 3750,
        "rate": 0.19173333333333334
      },
      "opportunist": {
        "wins": 846,
        "games": 3750,
        "rate": 0.2256
      }
    },
    "byFactionPolicy": {
      "byzantium": {
        "rusher": {
          "wins": 103,
          "games": 745,
          "rate": 0.138255033557047
        },
        "trader": {
          "wins": 95,
          "games": 735,
          "rate": 0.1292517006802721
        },
        "turtler": {
          "wins": 80,
          "games": 778,
          "rate": 0.10282776349614396
        },
        "opportunist": {
          "wins": 288,
          "games": 742,
          "rate": 0.3881401617250674
        }
      },
      "ottomans": {
        "rusher": {
          "wins": 229,
          "games": 777,
          "rate": 0.2947232947232947
        },
        "trader": {
          "wins": 22,
          "games": 756,
          "rate": 0.0291005291005291
        },
        "turtler": {
          "wins": 0,
          "games": 735,
          "rate": 0
        },
        "opportunist": {
          "wins": 167,
          "games": 732,
          "rate": 0.22814207650273224
        }
      },
      "venice": {
        "rusher": {
          "wins": 4,
          "games": 744,
          "rate": 0.005376344086021506
        },
        "trader": {
          "wins": 228,
          "games": 751,
          "rate": 0.303595206391478
        },
        "turtler": {
          "wins": 157,
          "games": 754,
          "rate": 0.20822281167108753
        },
        "opportunist": {
          "wins": 0,
          "games": 751,
          "rate": 0
        }
      },
      "genoa": {
        "rusher": {
          "wins": 3,
          "games": 736,
          "rate": 0.004076086956521739
        },
        "trader": {
          "wins": 464,
          "games": 770,
          "rate": 0.6025974025974026
        },
        "turtler": {
          "wins": 365,
          "games": 753,
          "rate": 0.4847277556440903
        },
        "opportunist": {
          "wins": 1,
          "games": 741,
          "rate": 0.001349527665317139
        }
      },
      "hungary": {
        "rusher": {
          "wins": 131,
          "games": 748,
          "rate": 0.1751336898395722
        },
        "trader": {
          "wins": 156,
          "games": 738,
          "rate": 0.21138211382113822
        },
        "turtler": {
          "wins": 117,
          "games": 730,
          "rate": 0.16027397260273973
        },
        "opportunist": {
          "wins": 390,
          "games": 784,
          "rate": 0.49744897959183676
        }
      }
    }
  },
  "gameLength": {
    "histogram": {
      "10": 8,
      "11": 21,
      "12": 46,
      "13": 113,
      "14": 226,
      "15": 328,
      "16": 2258
    },
    "mean": 15.514666666666667,
    "median": 16
  },
  "victoryTypes": {
    "counts": {
      "threshold": 1326,
      "cap": 1434,
      "suddenDeath": 240,
      "elimination": 0
    },
    "rates": {
      "threshold": 0.442,
      "cap": 0.478,
      "suddenDeath": 0.08,
      "elimination": 0
    }
  },
  "suddenDeathRate": 0.08,
  "eliminations": {
    "byzantium": {
      "count": 0,
      "rate": 0,
      "avgRound": null
    },
    "ottomans": {
      "count": 0,
      "rate": 0,
      "avgRound": null
    },
    "venice": {
      "count": 0,
      "rate": 0,
      "avgRound": null
    },
    "genoa": {
      "count": 0,
      "rate": 0,
      "avgRound": null
    },
    "hungary": {
      "count": 0,
      "rate": 0,
      "avgRound": null
    }
  },
  "avgPrestigeByRound": {
    "byzantium": [
      3.163,
      7.043,
      10.683,
      14.169,
      18.709,
      22.635,
      27.686333333333334,
      32.504333333333335,
      36.81966666666667,
      41.006,
      45.10294117647059,
      49.16762032985527,
      52.91111111111111,
      56.316856330014225,
      58.825212683681364,
      60.77856510186005
    ],
    "ottomans": [
      3.7243333333333335,
      6.519,
      9.631,
      14.016333333333334,
      17.398666666666667,
      20.935,
      24.982,
      28.331333333333333,
      32.47966666666667,
      35.631,
      38.87032085561497,
      41.964658364187144,
      46.58222222222222,
      50.00426742532006,
      54.8677494199536,
      59.695305580159435
    ],
    "venice": [
      3.4876666666666667,
      6.993666666666667,
      10.585333333333333,
      14.102333333333334,
      19.466333333333335,
      22.981333333333332,
      28.329666666666668,
      33.52,
      38.32633333333333,
      41.92933333333333,
      45.597927807486634,
      49.29619656681252,
      53.6017094017094,
      57.178165007112376,
      60.72969837587007,
      64.16917626217892
    ],
    "genoa": [
      3.5073333333333334,
      7.036,
      10.571,
      14.102666666666666,
      19.254,
      23.534,
      29.616666666666667,
      33.721,
      38.557,
      43.422666666666665,
      47.24532085561497,
      51.06799057556378,
      55.836239316239315,
      59.38157894736842,
      62.39211136890951,
      65.14791851195749
    ],
    "hungary": [
      3.703,
      8.373333333333333,
      14.069333333333333,
      18.698,
      23.189333333333334,
      28.413,
      32.73866666666667,
      37.304,
      41.80466666666667,
      46.31066666666667,
      50.898395721925134,
      55.29585997980478,
      59.75452991452991,
      63.9850640113798,
      67.90912606341841,
      71.76572187776793
    ]
  },
  "meanBattlesPerGame": 11.515
}
