{
  "config": {
    "games": 1000,
    "baseSeed": 14530000,
    "smoke": false,
    "maxRounds": 16,
    "victoryThreshold": 82,
    "policies": [
      "rusher",
      "trader",
      "turtler",
      "opportunist"
    ],
    "elapsedMs": 3374
  },
  "winRates": {
    "byFaction": {
      "byzantium": {
        "wins": 215,
        "games": 1000,
        "rate": 0.215
      },
      "ottomans": {
        "wins": 136,
        "games": 1000,
        "rate": 0.136
      },
      "venice": {
        "wins": 155,
        "games": 1000,
        "rate": 0.155
      },
      "genoa": {
        "wins": 246,
        "games": 1000,
        "rate": 0.246
      },
      "hungary": {
        "wins": 248,
        "games": 1000,
        "rate": 0.248
      }
    },
    "byPolicy": {
      "rusher": {
        "wins": 148,
        "games": 1250,
        "rate": 0.1184
      },
      "trader": {
        "wins": 315,
        "games": 1250,
        "rate": 0.252
      },
      "turtler": {
        "wins": 252,
        "games": 1250,
        "rate": 0.2016
      },
      "opportunist": {
        "wins": 285,
        "games": 1250,
        "rate": 0.228
      }
    },
    "byFactionPolicy": {
      "byzantium": {
        "rusher": {
          "wins": 25,
          "games": 255,
          "rate": 0.09803921568627451
        },
        "trader": {
          "wins": 38,
          "games": 261,
          "rate": 0.14559386973180077
        },
        "turtler": {
          "wins": 40,
          "games": 243,
          "rate": 0.1646090534979424
        },
        "opportunist": {
          "wins": 112,
          "games": 241,
          "rate": 0.46473029045643155
        }
      },
      "ottomans": {
        "rusher": {
          "wins": 70,
          "games": 232,
          "rate": 0.3017241379310345
        },
        "trader": {
          "wins": 12,
          "games": 247,
          "rate": 0.048582995951417005
        },
        "turtler": {
          "wins": 0,
          "games": 249,
          "rate": 0
        },
        "opportunist": {
          "wins": 54,
          "games": 272,
          "rate": 0.19852941176470587
        }
      },
      "venice": {
        "rusher": {
          "wins": 2,
          "games": 253,
          "rate": 0.007905138339920948
        },
        "trader": {
          "wins": 79,
          "games": 229,
          "rate": 0.34497816593886466
        },
        "turtler": {
          "wins": 74,
          "games": 270,
          "rate": 0.2740740740740741
        },
        "opportunist": {
          "wins": 0,
          "games": 248,
          "rate": 0
        }
      },
      "genoa": {
        "rusher": {
          "wins": 2,
          "games": 246,
          "rate": 0.008130081300813009
        },
        "trader": {
          "wins": 144,
          "games": 254,
          "rate": 0.5669291338582677
        },
        "turtler": {
          "wins": 100,
          "games": 259,
          "rate": 0.3861003861003861
        },
        "opportunist": {
          "wins": 0,
          "games": 241,
          "rate": 0
        }
      },
      "hungary": {
        "rusher": {
          "wins": 49,
          "games": 264,
          "rate": 0.1856060606060606
        },
        "trader": {
          "wins": 42,
          "games": 259,
          "rate": 0.16216216216216217
        },
        "turtler": {
          "wins": 38,
          "games": 229,
          "rate": 0.16593886462882096
        },
        "opportunist": {
          "wins": 119,
          "games": 248,
          "rate": 0.4798387096774194
        }
      }
    }
  },
  "gameLength": {
    "histogram": {
      "9": 2,
      "10": 7,
      "11": 8,
      "12": 24,
      "13": 39,
      "14": 79,
      "15": 152,
      "16": 689
    },
    "mean": 15.381,
    "median": 16
  },
  "victoryTypes": {
    "counts": {
      "threshold": 508,
      "cap": 405,
      "suddenDeath": 87,
      "elimination": 0
    },
    "rates": {
      "threshold": 0.508,
      "cap": 0.405,
      "suddenDeath": 0.087,
      "elimination": 0
    }
  },
  "suddenDeathRate": 0.087,
  "eliminations": {
    "byzantium": {
      "count": 0,
      "rate": 0,
      "avgRound": null
    },
    "ottomans": {
      "count": 0,
      "rate": 0,
      "avgRound": null
    },
    "venice": {
      "count": 0,
      "rate": 0,
      "avgRound": null
    },
    "genoa": {
      "count": 0,
      "rate": 0,
      "avgRound": null
    },
    "hungary": {
      "count": 0,
      "rate": 0,
      "avgRound": null
    }
  },
  "avgPrestigeByRound": {
    "byzantium": [
      3.149,
      7.042,
      10.582,
      13.992,
      18.374,
      22.158,
      27.432,
      32.522,
      36.925,
      41.24949899799599,
      45.40060544904137,
      49.52187182095626,
      53.238790406673616,
      57.082608695652176,
      59.73246135552913,
      61.589259796806964
    ],
    "ottomans": [
      3.357,
      5.983,
      8.968,
      13.133,
      17.074,
      20.434,
      24.672,
      27.625,
      31.831,
      34.74649298597194,
      37.61553985872856,
      40.73550356052899,
      45.30552659019812,
      48.48804347826087,
      53.09512485136742,
      57.640058055152394
    ],
    "venice": [
      3.504,
      7.032,
      10.614,
      14.128,
      19.606,
      23.096,
      28.235,
      33.359,
      38.146,
      41.813627254509015,
      45.503531786074674,
      49.21871820956256,
      53.442127215849844,
      57.05,
      60.62425683709869,
      63.634252539912914
    ],
    "genoa": [
      3.513,
      7.044,
      10.483,
      13.894,
      19.284,
      23.12,
      28.99,
      33.401,
      38.207,
      42.96292585170341,
      46.76286579212916,
      50.507629704984744,
      55.338894681960376,
      58.84239130434783,
      62.12009512485137,
      64.67053701015965
    ],
    "hungary": [
      3.682,
      8.401,
      14.064,
      18.654,
      23.189,
      28.372,
      32.712,
      37.276,
      41.781,
      46.28857715430862,
      50.593340060544904,
      54.959308240081384,
      59.16475495307612,
      63.15978260869565,
      67.26159334126041,
      70.94049346879535
    ]
  },
  "meanBattlesPerGame": 10.944
}
