{
  "config": {
    "games": 3000,
    "baseSeed": 24681357,
    "smoke": false,
    "maxRounds": 16,
    "victoryThreshold": 78,
    "policies": [
      "rusher",
      "trader",
      "turtler",
      "opportunist"
    ],
    "elapsedMs": 10127
  },
  "winRates": {
    "byFaction": {
      "byzantium": {
        "wins": 420,
        "games": 3000,
        "rate": 0.14
      },
      "ottomans": {
        "wins": 472,
        "games": 3000,
        "rate": 0.15733333333333333
      },
      "venice": {
        "wins": 503,
        "games": 3000,
        "rate": 0.16766666666666666
      },
      "genoa": {
        "wins": 744,
        "games": 3000,
        "rate": 0.248
      },
      "hungary": {
        "wins": 861,
        "games": 3000,
        "rate": 0.287
      }
    },
    "byPolicy": {
      "rusher": {
        "wins": 554,
        "games": 3750,
        "rate": 0.14773333333333333
      },
      "trader": {
        "wins": 1067,
        "games": 3750,
        "rate": 0.28453333333333336
      },
      "turtler": {
        "wins": 490,
        "games": 3750,
        "rate": 0.13066666666666665
      },
      "opportunist": {
        "wins": 889,
        "games": 3750,
        "rate": 0.23706666666666668
      }
    },
    "byFactionPolicy": {
      "byzantium": {
        "rusher": {
          "wins": 106,
          "games": 745,
          "rate": 0.14228187919463087
        },
        "trader": {
          "wins": 31,
          "games": 735,
          "rate": 0.04217687074829932
        },
        "turtler": {
          "wins": 4,
          "games": 778,
          "rate": 0.005141388174807198
        },
        "opportunist": {
          "wins": 279,
          "games": 742,
          "rate": 0.37601078167115903
        }
      },
      "ottomans": {
        "rusher": {
          "wins": 258,
          "games": 777,
          "rate": 0.33204633204633205
        },
        "trader": {
          "wins": 20,
          "games": 756,
          "rate": 0.026455026455026454
        },
        "turtler": {
          "wins": 0,
          "games": 735,
          "rate": 0
        },
        "opportunist": {
          "wins": 194,
          "games": 732,
          "rate": 0.2650273224043716
        }
      },
      "venice": {
        "rusher": {
          "wins": 7,
          "games": 744,
          "rate": 0.009408602150537635
        },
        "trader": {
          "wins": 335,
          "games": 751,
          "rate": 0.44607190412782954
        },
        "turtler": {
          "wins": 161,
          "games": 754,
          "rate": 0.21352785145888595
        },
        "opportunist": {
          "wins": 0,
          "games": 751,
          "rate": 0
        }
      },
      "genoa": {
        "rusher": {
          "wins": 8,
          "games": 736,
          "rate": 0.010869565217391304
        },
        "trader": {
          "wins": 518,
          "games": 770,
          "rate": 0.6727272727272727
        },
        "turtler": {
          "wins": 216,
          "games": 753,
          "rate": 0.2868525896414343
        },
        "opportunist": {
          "wins": 2,
          "games": 741,
          "rate": 0.002699055330634278
        }
      },
      "hungary": {
        "rusher": {
          "wins": 175,
          "games": 748,
          "rate": 0.2339572192513369
        },
        "trader": {
          "wins": 163,
          "games": 738,
          "rate": 0.22086720867208673
        },
        "turtler": {
          "wins": 109,
          "games": 730,
          "rate": 0.14931506849315068
        },
        "opportunist": {
          "wins": 414,
          "games": 784,
          "rate": 0.5280612244897959
        }
      }
    }
  },
  "gameLength": {
    "histogram": {
      "9": 6,
      "10": 15,
      "11": 32,
      "12": 133,
      "13": 243,
      "14": 568,
      "15": 659,
      "16": 1344
    },
    "mean": 14.884,
    "median": 15
  },
  "victoryTypes": {
    "counts": {
      "threshold": 1682,
      "cap": 1003,
      "suddenDeath": 315,
      "elimination": 0
    },
    "rates": {
      "threshold": 0.5606666666666666,
      "cap": 0.3343333333333333,
      "suddenDeath": 0.105,
      "elimination": 0
    }
  },
  "suddenDeathRate": 0.105,
  "eliminations": {
    "byzantium": {
      "count": 0,
      "rate": 0,
      "avgRound": null
    },
    "ottomans": {
      "count": 0,
      "rate": 0,
      "avgRound": null
    },
    "venice": {
      "count": 0,
      "rate": 0,
      "avgRound": null
    },
    "genoa": {
      "count": 0,
      "rate": 0,
      "avgRound": null
    },
    "hungary": {
      "count": 0,
      "rate": 0,
      "avgRound": null
    }
  },
  "avgPrestigeByRound": {
    "byzantium": [
      3.166,
      7.014333333333333,
      10.485666666666667,
      13.918666666666667,
      17.571,
      21.191,
      25.128,
      30.424333333333333,
      34.503,
      38.050434201736806,
      41.65391070829137,
      46.910417373600275,
      50.55437100213219,
      54.41618047452353,
      57.54867698452321,
      61.10267857142857
    ],
    "ottomans": [
      3.6983333333333333,
      6.489,
      9.620333333333333,
      13.949,
      16.895333333333333,
      19.793333333333333,
      22.697666666666667,
      25.466666666666665,
      28.302333333333333,
      31.034068136272545,
      34.10473313192347,
      37.373260943332205,
      41.29815209665956,
      44.768572539867755,
      47.683974038941585,
      49.585565476190474
    ],
    "venice": [
      3.4876666666666667,
      6.993666666666667,
      10.585333333333333,
      14.1,
      17.592333333333332,
      21.687,
      25.804333333333332,
      32.413,
      36.529666666666664,
      41.87875751503006,
      45.66431688486069,
      49.4061757719715,
      54.879175550817344,
      59.640217814080124,
      62.69395906140789,
      65.05803571428571
    ],
    "genoa": [
      3.507,
      7.035333333333333,
      10.568333333333333,
      14.097,
      17.681,
      21.282,
      25.997666666666667,
      30.815666666666665,
      36.809666666666665,
      40.7187708750835,
      44.726082578046324,
      49.824906684764166,
      55.53162757640369,
      59.03111629716064,
      60.697953070394405,
      60.854166666666664
    ],
    "hungary": [
      3.703,
      8.353666666666667,
      13.813333333333333,
      18.404,
      22.872666666666667,
      28.090666666666667,
      32.39533333333333,
      37.095,
      41.514,
      45.89913159652639,
      50.363880496811014,
      54.71869697997964,
      58.70398009950249,
      62.14741345779852,
      65.87968047928108,
      69.4389880952381
    ]
  },
  "meanBattlesPerGame": 11.236666666666666
}
