{
  "config": {
    "games": 1000,
    "baseSeed": 14530000,
    "smoke": false,
    "maxRounds": 16,
    "victoryThreshold": 82,
    "policies": [
      "rusher",
      "trader",
      "turtler",
      "opportunist"
    ],
    "elapsedMs": 3579
  },
  "winRates": {
    "byFaction": {
      "byzantium": {
        "wins": 216,
        "games": 1000,
        "rate": 0.216
      },
      "ottomans": {
        "wins": 134,
        "games": 1000,
        "rate": 0.134
      },
      "venice": {
        "wins": 157,
        "games": 1000,
        "rate": 0.157
      },
      "genoa": {
        "wins": 245,
        "games": 1000,
        "rate": 0.245
      },
      "hungary": {
        "wins": 248,
        "games": 1000,
        "rate": 0.248
      }
    },
    "byPolicy": {
      "rusher": {
        "wins": 154,
        "games": 1250,
        "rate": 0.1232
      },
      "trader": {
        "wins": 311,
        "games": 1250,
        "rate": 0.2488
      },
      "turtler": {
        "wins": 253,
        "games": 1250,
        "rate": 0.2024
      },
      "opportunist": {
        "wins": 282,
        "games": 1250,
        "rate": 0.2256
      }
    },
    "byFactionPolicy": {
      "byzantium": {
        "rusher": {
          "wins": 29,
          "games": 255,
          "rate": 0.11372549019607843
        },
        "trader": {
          "wins": 37,
          "games": 261,
          "rate": 0.1417624521072797
        },
        "turtler": {
          "wins": 39,
          "games": 243,
          "rate": 0.16049382716049382
        },
        "opportunist": {
          "wins": 111,
          "games": 241,
          "rate": 0.4605809128630705
        }
      },
      "ottomans": {
        "rusher": {
          "wins": 70,
          "games": 232,
          "rate": 0.3017241379310345
        },
        "trader": {
          "wins": 11,
          "games": 247,
          "rate": 0.044534412955465584
        },
        "turtler": {
          "wins": 0,
          "games": 249,
          "rate": 0
        },
        "opportunist": {
          "wins": 53,
          "games": 272,
          "rate": 0.1948529411764706
        }
      },
      "venice": {
        "rusher": {
          "wins": 3,
          "games": 253,
          "rate": 0.011857707509881422
        },
        "trader": {
          "wins": 80,
          "games": 229,
          "rate": 0.34934497816593885
        },
        "turtler": {
          "wins": 74,
          "games": 270,
          "rate": 0.2740740740740741
        },
        "opportunist": {
          "wins": 0,
          "games": 248,
          "rate": 0
        }
      },
      "genoa": {
        "rusher": {
          "wins": 2,
          "games": 246,
          "rate": 0.008130081300813009
        },
        "trader": {
          "wins": 142,
          "games": 254,
          "rate": 0.5590551181102362
        },
        "turtler": {
          "wins": 101,
          "games": 259,
          "rate": 0.38996138996138996
        },
        "opportunist": {
          "wins": 0,
          "games": 241,
          "rate": 0
        }
      },
      "hungary": {
        "rusher": {
          "wins": 50,
          "games": 264,
          "rate": 0.1893939393939394
        },
        "trader": {
          "wins": 41,
          "games": 259,
          "rate": 0.1583011583011583
        },
        "turtler": {
          "wins": 39,
          "games": 229,
          "rate": 0.1703056768558952
        },
        "opportunist": {
          "wins": 118,
          "games": 248,
          "rate": 0.47580645161290325
        }
      }
    }
  },
  "gameLength": {
    "histogram": {
      "9": 2,
      "10": 8,
      "11": 9,
      "12": 24,
      "13": 42,
      "14": 79,
      "15": 149,
      "16": 687
    },
    "mean": 15.364,
    "median": 16
  },
  "victoryTypes": {
    "counts": {
      "threshold": 511,
      "cap": 404,
      "suddenDeath": 85,
      "elimination": 0
    },
    "rates": {
      "threshold": 0.511,
      "cap": 0.404,
      "suddenDeath": 0.085,
      "elimination": 0
    }
  },
  "suddenDeathRate": 0.085,
  "eliminations": {
    "byzantium": {
      "count": 0,
      "rate": 0,
      "avgRound": null
    },
    "ottomans": {
      "count": 0,
      "rate": 0,
      "avgRound": null
    },
    "venice": {
      "count": 0,
      "rate": 0,
      "avgRound": null
    },
    "genoa": {
      "count": 0,
      "rate": 0,
      "avgRound": null
    },
    "hungary": {
      "count": 0,
      "rate": 0,
      "avgRound": null
    }
  },
  "avgPrestigeByRound": {
    "byzantium": [
      3.149,
      7.042,
      10.582,
      13.992,
      18.365,
      22.16,
      27.433,
      32.525,
      36.941,
      41.287575150300604,
      45.452525252525255,
      49.518858307849136,
      53.31974921630094,
      57.09071038251366,
      59.73205741626794,
      61.58951965065502
    ],
    "ottomans": [
      3.357,
      5.983,
      8.968,
      13.129,
      17.073,
      20.442,
      24.69,
      27.647,
      31.871,
      34.81663326653307,
      37.724242424242426,
      40.84403669724771,
      45.35945663531871,
      48.53005464480874,
      53.149521531100476,
      57.793304221251816
    ],
    "venice": [
      3.504,
      7.032,
      10.614,
      14.128,
      19.606,
      23.091,
      28.228,
      33.35,
      38.135,
      41.81062124248497,
      45.527272727272724,
      49.22935779816514,
      53.49738766980146,
      57.13442622950819,
      60.64234449760765,
      63.7467248908297
    ],
    "genoa": [
      3.513,
      7.044,
      10.483,
      13.894,
      19.288,
      23.126,
      28.999,
      33.411,
      38.213,
      42.97194388777555,
      46.75151515151515,
      50.51376146788991,
      55.35109717868338,
      58.828415300546446,
      62.11124401913876,
      64.60407569141194
    ],
    "hungary": [
      3.682,
      8.401,
      14.062,
      18.651,
      23.187,
      28.363,
      32.713,
      37.283,
      41.829,
      46.29759519038076,
      50.53838383838384,
      54.91335372069317,
      59.22257053291536,
      63.240437158469945,
      67.39354066985646,
      71.00582241630276
    ]
  },
  "meanBattlesPerGame": 10.952
}
