{
  "config": {
    "games": 3000,
    "baseSeed": 24681357,
    "smoke": false,
    "maxRounds": 16,
    "victoryThreshold": 80,
    "policies": [
      "rusher",
      "trader",
      "turtler",
      "opportunist"
    ],
    "elapsedMs": 10160
  },
  "winRates": {
    "byFaction": {
      "byzantium": {
        "wins": 532,
        "games": 3000,
        "rate": 0.17733333333333334
      },
      "ottomans": {
        "wins": 519,
        "games": 3000,
        "rate": 0.173
      },
      "venice": {
        "wins": 369,
        "games": 3000,
        "rate": 0.123
      },
      "genoa": {
        "wins": 788,
        "games": 3000,
        "rate": 0.26266666666666666
      },
      "hungary": {
        "wins": 792,
        "games": 3000,
        "rate": 0.264
      }
    },
    "byPolicy": {
      "rusher": {
        "wins": 520,
        "games": 3750,
        "rate": 0.13866666666666666
      },
      "trader": {
        "wins": 964,
        "games": 3750,
        "rate": 0.25706666666666667
      },
      "turtler": {
        "wins": 664,
        "games": 3750,
        "rate": 0.17706666666666668
      },
      "opportunist": {
        "wins": 852,
        "games": 3750,
        "rate": 0.2272
      }
    },
    "byFactionPolicy": {
      "byzantium": {
        "rusher": {
          "wins": 96,
          "games": 745,
          "rate": 0.12885906040268458
        },
        "trader": {
          "wins": 84,
          "games": 735,
          "rate": 0.11428571428571428
        },
        "turtler": {
          "wins": 73,
          "games": 778,
          "rate": 0.09383033419023136
        },
        "opportunist": {
          "wins": 279,
          "games": 742,
          "rate": 0.37601078167115903
        }
      },
      "ottomans": {
        "rusher": {
          "wins": 271,
          "games": 777,
          "rate": 0.3487773487773488
        },
        "trader": {
          "wins": 44,
          "games": 756,
          "rate": 0.0582010582010582
        },
        "turtler": {
          "wins": 0,
          "games": 735,
          "rate": 0
        },
        "opportunist": {
          "wins": 204,
          "games": 732,
          "rate": 0.2786885245901639
        }
      },
      "venice": {
        "rusher": {
          "wins": 3,
          "games": 744,
          "rate": 0.004032258064516129
        },
        "trader": {
          "wins": 223,
          "games": 751,
          "rate": 0.2969374167776298
        },
        "turtler": {
          "wins": 143,
          "games": 754,
          "rate": 0.1896551724137931
        },
        "opportunist": {
          "wins": 0,
          "games": 751,
          "rate": 0
        }
      },
      "genoa": {
        "rusher": {
          "wins": 4,
          "games": 736,
          "rate": 0.005434782608695652
        },
        "trader": {
          "wins": 452,
          "games": 770,
          "rate": 0.587012987012987
        },
        "turtler": {
          "wins": 331,
          "games": 753,
          "rate": 0.4395750332005312
        },
        "opportunist": {
          "wins": 1,
          "games": 741,
          "rate": 0.001349527665317139
        }
      },
      "hungary": {
        "rusher": {
          "wins": 146,
          "games": 748,
          "rate": 0.19518716577540107
        },
        "trader": {
          "wins": 161,
          "games": 738,
          "rate": 0.2181571815718157
        },
        "turtler": {
          "wins": 117,
          "games": 730,
          "rate": 0.16027397260273973
        },
        "opportunist": {
          "wins": 368,
          "games": 784,
          "rate": 0.46938775510204084
        }
      }
    }
  },
  "gameLength": {
    "histogram": {
      "9": 2,
      "10": 13,
      "11": 24,
      "12": 115,
      "13": 241,
      "14": 394,
      "15": 713,
      "16": 1498
    },
    "mean": 15.034666666666666,
    "median": 15
  },
  "victoryTypes": {
    "counts": {
      "threshold": 1727,
      "cap": 905,
      "suddenDeath": 368,
      "elimination": 0
    },
    "rates": {
      "threshold": 0.5756666666666667,
      "cap": 0.3016666666666667,
      "suddenDeath": 0.12266666666666666,
      "elimination": 0
    }
  },
  "suddenDeathRate": 0.12266666666666666,
  "eliminations": {
    "byzantium": {
      "count": 0,
      "rate": 0,
      "avgRound": null
    },
    "ottomans": {
      "count": 0,
      "rate": 0,
      "avgRound": null
    },
    "venice": {
      "count": 0,
      "rate": 0,
      "avgRound": null
    },
    "genoa": {
      "count": 0,
      "rate": 0,
      "avgRound": null
    },
    "hungary": {
      "count": 0,
      "rate": 0,
      "avgRound": null
    }
  },
  "avgPrestigeByRound": {
    "byzantium": [
      3.163,
      7.033,
      10.520333333333333,
      13.958333333333334,
      18.472333333333335,
      22.371,
      27.417666666666666,
      32.234,
      36.52733333333333,
      40.680453635757175,
      44.652261306532665,
      48.57142857142857,
      52.118763176387915,
      55.233781190019194,
      58.095431931252826,
      61.57142857142857
    ],
    "ottomans": [
      3.7083333333333335,
      6.503666666666667,
      9.612333333333334,
      13.99,
      17.379666666666665,
      20.897,
      24.962666666666667,
      28.308333333333334,
      32.439,
      35.544362908605734,
      38.80804020100503,
      42.22559945964201,
      47.1865776528461,
      50.9021113243762,
      54.714608774310264,
      57.299065420560744
    ],
    "venice": [
      3.4876666666666667,
      6.993666666666667,
      10.586,
      14.103,
      19.461333333333332,
      22.975,
      28.327666666666666,
      33.513333333333335,
      38.32866666666666,
      41.938625750500336,
      45.58894472361809,
      49.26984126984127,
      53.578004216444135,
      57.02879078694818,
      60.26775214834916,
      62.212950600801065
    ],
    "genoa": [
      3.5073333333333334,
      7.035333333333333,
      10.569666666666667,
      14.099,
      19.249,
      23.531333333333333,
      29.623333333333335,
      33.723,
      38.57233333333333,
      43.42861907938626,
      47.26365159128978,
      51.073961499493414,
      55.615600843288824,
      58.87063339731286,
      61.16417910447761,
      61.71895861148197
    ],
    "hungary": [
      3.703,
      8.372666666666667,
      13.846,
      18.447666666666667,
      22.934333333333335,
      28.156333333333333,
      32.47566666666667,
      37.04933333333334,
      41.553666666666665,
      46.04803202134757,
      50.64388609715243,
      55.04052684903749,
      59.273366127898804,
      63.44491362763915,
      67.33876074174582,
      71.09879839786382
    ]
  },
  "meanBattlesPerGame": 11.503666666666666
}
